NOME ÓRGÃO SUPERIOR;receita_prevista;receita_lancada;receita_realizada;receita_pct_realizado_mediana;receita_n_linhas;despesa_orcamento_inicial;despesa_orcamento_atualizado;despesa_empenhada;despesa_realizada;despesa_pct_realizado_mediana;despesa_n_linhas;saldo_fiscal
Advocacia-Geral da União;0.0;0.0;515984.15;0.0;59.0;4642856825.0;5070658435.0;5061463210.56;4516495568.14;77.695;58.0;-4515979583.990001
Banco Central do Brasil - Orçamento Fiscal e;604191400.0;0.0;770282409.43;0.0;1347.0;;;;;;;770282409.43
Banco Central do Brasil - Orçamento Fiscal e Seguridade Social;;;;;;4389316652.0;4678320932.0;4648853425.82;4252554361.83;85.58500000000001;98.0;-4252554361.83
Controladoria-Geral da União;;;;;;1424380170.0;1531227556.0;1524212975.48;1322147858.61;80.29499999999999;52.0;-1322147858.61
Justiça Militar;;;;;;0.0;0.0;185311.65;24282.78;0.0;1.0;-24282.78
Ministério da Agricultura e Pecuária;7376331104.0;0.0;7244508280.83;0.0;3072.0;20164733020.8;20244284325.8;19756857434.079998;15779392882.27;67.06;405.0;-8534884601.440001
Ministério da Ciência, Tecnologia e Inovaç;20973090179.0;0.0;17928034305.43;0.0;5043.0;;;;;;;17928034305.43
Ministério da Ciência, Tecnologia e Inovação;;;;;;21053262576.0;36882515895.0;36730763427.3;19981276694.21;74.27;923.0;-19981276694.21
Ministério da Cultura;2312308706.0;-16065866.75;2163672130.99;0.0;3866.0;5002121781.0;6538454988.0;5446367284.54;4359910481.75;72.005;648.0;-2196238350.76
Ministério da Defesa;22850681991.0;0.0;22697372485.21;0.0;15415.0;133546922526.77;133653389845.77;132352119317.64;118664056547.72;70.015;2054.0;-95966684062.51001
Ministério da Educação;46180901256.0;-198100.9;51617826674.21;0.0;58876.0;226447840787.0;236172520364.0;234870704833.65;200148887221.98;85.675;11218.0;-148531060547.77002
Ministério da Fazenda;4441470078571.0;20174354610.989998;4506144942426.41;0.0;30071.0;3157696786103.0;3207213568813.0;2745846198086.37;2672865729057.65;74.17;630.0;1833279213368.7603
Ministério da Gestão e da Inovação em Ser;4343425925.0;0.0;626449834.98;0.0;528.0;;;;;;;626449834.98
Ministério da Gestão e da Inovação em Serviços Públicos;;;;;;25710098587.999996;31241284271.999996;30566267455.13;27427908506.33;77.9;361.0;-27427908506.33
Ministério da Igualdade Racial;;;;;;217898160.0;192587012.0;184054658.38;146348682.67000002;51.57;116.0;-146348682.67000002
Ministério da Integração e do Desenvolvime;32073827889.0;0.0;3519007381.76;0.0;3097.0;;;;;;;3519007381.76
Ministério da Integração e do Desenvolvimento Regional;;;;;;41558033411.99;47005792554.99;43834294543.8;34412957520.51;42.45;1048.0;-34412957520.51
Ministério da Justiça e Segurança Pública;5986567010.0;0.0;6729780300.6;0.0;7016.0;22869551412.0;23224951007.0;22255587879.13;18471246453.94;63.65;693.0;-11741466153.339998
Ministério da Pesca e Aquicultura;19247762.0;0.0;14695930.9;0.0;425.0;273271098.0;279666038.0;269238893.53;168529484.46;5.734999999999999;112.0;-153833553.56
Ministério da Previdência Social;886338885112.0;0.0;704388220205.75;0.0;4019.0;1037802822653.0;1051455641649.0;1009814114764.64;947101854362.9;79.79;273.0;-242713634157.15002
Ministério da Saúde;2894435268.0;5753803.7700000005;6223431107.82;0.0;5299.0;246557970224.0;254149549084.0;252614722463.46;227440315891.38;75.82;1351.0;-221216884783.56
Ministério das Cidades;219476061.0;0.0;176360892.03;0.0;1399.0;18892755689.0;14688655027.0;14082615372.9;10912199234.94;44.32;317.0;-10735838342.91
Ministério das Comunicações;3600066237.0;4826664065.81;1940283476.95;0.0;5362.0;3874640141.0;4243526078.0;3550672892.91;2873004180.39;74.71;257.0;-932720703.4399998
Ministério das Mulheres;;;;;;370538893.0;314305842.0;300276037.79;118304913.11;0.0;132.0;-118304913.11
Ministério das Mulheres, Igualdade Racial, d;0.0;0.0;989.3;0.0;3.0;;;;;;;989.3
Ministério das Relações Exteriores;256343687.0;0.0;487880100.62;0.0;589.0;5037440423.12;5547469802.12;5409328850.0;5194441742.24;91.67;240.0;-4706561641.62
Ministério de Minas e Energia;84436598055.0;-2831301348.98;75279715826.6;0.0;5205.0;85980724334.0;84121834808.0;78666427658.02;63780226396.74;85.23;657.0;11499489429.860008
Ministério de Portos e Aeroportos;11771391059.0;0.0;9669218066.48;0.0;2016.0;13820637286.99;16746827114.99;9150484521.9;4511607856.67;51.93;321.0;5157610209.809999
Ministério do Desenvolvimento Agrário e Agr;3086293475.0;0.0;3805180555.19;0.0;3130.0;;;;;;;3805180555.19
Ministério do Desenvolvimento Agrário e Agricultura Familiar;;;;;;7341400871.0;7501695479.0;7037384431.1;5678484462.66;56.129999999999995;482.0;-5678484462.66
Ministério do Desenvolvimento e Assistência;42869256569.0;0.0;615599737.76;0.0;601.0;;;;;;;615599737.76
Ministério do Desenvolvimento e Assistência Social, Família e Combate à Fome;;;;;;288374716960.0;297235984223.0;290753990311.63;283874628929.12;47.41;357.0;-283874628929.12
Ministério do Desenvolvimento, Indústria, C;2549584429.0;5385276.59;3213061495.6;0.0;3749.0;;;;;;;3213061495.6
Ministério do Desenvolvimento, Indústria, Comércio e Serviços;;;;;;3089401230.0;3141435453.0;1965855781.32;1764588990.67;86.17;285.0;-1764588990.67
Ministério do Empreendedorismo, da Microempr;0.0;0.0;4982764.73;0.0;42.0;;;;;;;4982764.73
Ministério do Empreendedorismo, da Microempresa e da Empresa de Pequeno Porte;;;;;;270487330.0;219909573.0;210883080.26999998;107399630.45;31.51;59.0;-107399630.45
Ministério do Esporte;834734715.0;0.0;1306061349.96;0.0;192.0;3198671867.0;2909787707.0;2566044809.95;563815243.15;0.0;145.0;742246106.8100001
Ministério do Meio Ambiente e Mudança do Cl;2684800845.0;0.0;2164764855.07;0.0;4710.0;;;;;;;2164764855.07
Ministério do Meio Ambiente e Mudança do Clima;;;;;;25470523420.999996;31357398610.999996;30807664160.72;19187296887.66;77.42;609.0;-19187296887.66
Ministério do Planejamento e Orçamento;3042685.0;0.0;15250354.93;0.0;542.0;24744029994.0;7354948986.0;6201696772.8;5770762598.74;82.055;370.0;-5755512243.809999
Ministério do Trabalho e Emprego;58252448358.0;0.0;131350890946.54;0.0;1620.0;122715884952.0;124011580866.0;121617827413.98999;115937009033.39;54.185;266.0;15413881913.149994
Ministério do Turismo;1627821376.0;0.0;2058409319.78;0.0;589.0;3794677438.0;3506042569.0;2892481965.6;586726974.87;25.52;107.0;1471682344.9099998
Ministério dos Direitos Humanos e Cidadania;21284311.0;0.0;21722203.07;0.0;212.0;571088405.0;571224628.0;555077122.3199999;359121401.08;10.129999999999999;184.0;-337399198.01
Ministério dos Povos Indígenas;63600327.3;0.0;8196694.93;0.0;133.0;1289691587.0;1159487112.0;1154136407.38;827600627.79;23.54;258.0;-819403932.86
Ministério dos Transportes;12979744914.0;0.0;3210381507.75;0.0;5633.0;29281574882.0;25191609917.0;16653568541.08;12614521046.37;17.55;685.0;-9404139538.62
Presidência da República;21580638293.0;0.0;48688302513.53;0.0;1418.0;35683320026.0;48660082882.0;48389572188.66;20028950316.02;81.35;388.0;28659352197.51
